{
    "": {
        "header": "Help sections",
        "details": [
            " - !help about: what is EDR, who is behind it, etc",
            " - !help basics: getting started with EDR",
            " - !help account: doing more with an EDR account (free)",
            " - !help system: star system related features",
            " - !help cmdr: commander related features",
            " - !help enforcers: features for enforcers / bounty hunters",
            " - !help cmdrdex: personalizing EDR's commanders database",
            " - !help config: configuration options",
            "⚶",
            "Send !clear in chat to clear everything on the overlay."
        ]
    },
    "about": {
        "header": "About EDR",
        "details": [
            "ED Recon is a third party plugin for Elite Dangerous. Its purpose is to provide insights about outlaws to traders, explorers, and bounty hunters.",
            " - EDR is in beta, is developed by LeKeno from Cobra Kai, and uses a customized version of Ian Norton's EDMCOverlay for the overlay.",
            " - It is TOS compliant because it uses Elite Dangerous's player journal which has been designed for third party consumption.",
            " - EDR is free to use but you can support EDR's development and server costs at https://patreon.com/lekeno",
            " - Got feedback or questions? Please file bugs, feature requests or questions at https://github.com/lekeno/edr/issues/",
            "⚶",
            "Translations (see https://github.com/lekeno/edr/issues/135).",
            " - Contributions by : Juniper Nomi'Tar [UGC], Tomski [bbFA]",
            "⚶",
            "Send !clear in chat to clear everything on the overlay."
        ]
    },
    "basics": {
        "header": "Getting started with EDR",
        "details": [
            "EDR will proactively show various insights as you fly around and scan other commanders:",
            " - A summary of recent activity as you jump into a system.",
            " - EDR and Inara profile for known outlaws as they are sighted (e.g. scanned) or detected (e.g. chat).", 
            "⚶",
            "You can ask EDR for insights by issuing various commands via the in-game chat:",
            " - '!sitrep Lave' to find out if Lave has seen some recent activity.",
            " - '!notams' to find out which systems are considered hotspots.",
            "Learn more with '!help system' and '!help cmdr'",
            "⚶",
            "You can also customize EDR to your needs with the cmdrdex features, send '!help cmdrdex' to learn more.",
            "⚶",
            "Send !clear in chat to clear everything on the overlay."
        ]
    },
    "account": {
        "header": "EDR account",
        "details": [
            "While EDR provides useful information without any credentials, it has a lot more to offer with an account.",
            "⚶",
            "Important: with an account EDR may report your location to the backend. However, this information will not be shown to other EDR users.",
            "In the future, this might be used to help enforcers join forces or for check and balance reasons, e.g. reporting outlaw EDR users.",
            "⚶",
            "An EDR account is free and unlocks all of EDR's features. For instance:",
            " - personalizing / augmenting EDR's commanders database.",
            " - reporting of traffic, outlaws and crimes.",
            " - reporting scans of commanders with legal status and bounties.",
            "⚶",
            "These insights will also help other EDR users so consider applying for an EDR account at https://lekeno.github.io/",
            "⚶",
            "Send !clear in chat to clear everything on the overlay."
        ]
    },
    "system": {
        "header": "Star system related features",
        "details": [
            "When jumping to a system, EDR will show a sitrep for the system: active notices, i.e. NOTAM, summary of recent activity, etc.",
            "Send the following command via the in-game chat to get intel about recent activity or specific systems:",
            " - '!sitreps': to display a list of star systems with sitreps.",
            " - '!sitrep': to display the sitrep for the current system.",
            " - '!sitrep system_name': to display the sitrep for the star system called system_name.",
            " - '!notams': to display a list of star systems with active notices, i.e. Notice To Air Men.",
            " - '!notam system_name': to display any active notice the star system called system_name.",
            "⚶",
            "Send !clear in chat to clear everything on the overlay."
        ]
    },
    "cmdr": {
        "header": "Commander related features",
        "details": [
            "Use the following chat commands to lookup a commander's profile:",
            " - 'o7': direct message a commander with a salute emoji to see their EDR and Inara profile.",
            " - '!who cmdr_name': to see cmdr_name's EDR and Inara profile.",
            "These commands will show the following information:",
            " - EDR alignment: wanted, neutral, enforcer with grades, e.g. wanted ++++.",
            " - User tags: [!12, ?1, +0], i.e. 12 users marked that commander as an outlaw, 1 as neutral, 0 as enforcer.",
            " - Inara info: squadron and role if any (sometimes superseded by EDR).",
            " - Personal tags/info from your CmdrDex if any (see !help cmdrdex).",
            " - Legal record: # of clean vs. wanted scans, max and latest known bounties",
            "⚶",
            "Send !clear in chat to clear everything on the overlay."
        ]
    },
    "enforcers": {
        "header": "",
        "details": [
            "Chat commands for enforcers:",
            " - '!outlaws': to display a list of most recently sighted outlaws and their locations.",
            " - '!where cmdr_name': to display the last sighting of the cmdr called cmdr_name provided that EDR considers them an outlaw.",
            " - '#!' or '#?' or '#+': to mark a cmdr as an outlaw, neutral or enforcer (see !help cmdrdex for more details).",
            "⚶",
            "Send !clear in chat to clear everything on the overlay."
        ]
    },
    "cmdrdex": {
        "header": "Personalizing EDR's commanders database",
        "details": [
            "The CmdrDex allows you to customize EDR and helps EDR users make informed guesses about other commanders.",
            "Your CmdrDex is personal, EDR will only show aggregated stats for the alignment tags.",
            "General rules for the cmdrdex chat commands:",
            " - '#something' or '#something cmdr_name': to tag a contact or cmdr_name with the 'something' tag, e.g. #pirate jack sparrow.",
            " - '-#something' or '-#something cmdr_name': to remove the 'something' tag from a contact or cmdr_name.",
            " - '-#' or '-# cmdr_name': to remove a contact or cmdr_name from your cmdrdex.",
            "⚶",
            "EDR pre-defined tags:",
            " - 'outlaw' or '!': for cmdrs who either attacked you or someone despite being clean and non pledged to an enemy power.",
            " - 'enforcer' or '+': for cmdrs who are on the good side of the law and hunt outlaws.",
            " - 'neutral' or '?': if you disagree with EDR's classification and want to suppress its warning, or if a commander just seems to go about their own business.",
            " - 'friend' or '=': to tag like-minded cmdrs, EDR may infer a social graph from these in the future.",
            "⚶",
            "Attaching a note:",
            " - '@# <memo>' or '@# cmdr_name memo=something': to attach a note to a contact or cmdr_name, e.g. '@# friendly trader.",
            " - '-@#' or '-@# cmdr_name': to remove the custom note from a contact or cmdr_name.",
            "⚶",
            "Send !clear in chat to clear everything on the overlay."
        ]
    },
    "config": {
        "header": "Configuration options",
        "details": [
            "EDR offers the following configuration options:",
            " - !crimes [off|on]: to disable/enable crime reporting, e.g. '!crimes off' before an agreed upon duel.",
            " - !audiocue [on|off|loud|soft] to control the audio cues, e.g. '!audiocue soft' for soft cues.",
            " - !overlay [on|off|] to enable/disable or verify the overlay, e.g. '!overlay' to check if it is enabled/working.",
            " - check the instructions in config/igm_config.v2.ini to customize the layout and timeouts.",
            "⚶",
            "Send !clear in chat to clear everything on the overlay."
        ]
    }
}