{ "sidewinder": "Sidewinder",
  "eagle": "Eagle",
  "hauler": "Hauler",
  "adder": "Adder",
  "viper": "Viper Mk III",
  "cobramkiii": "Cobra Mk III",
  "type6": "Type-6 Transporter",
  "dolphin": "Dolphin",
  "type7": "Type-7 Transporter",
  "asp": "Asp Explorer",
  "vulture": "Vulture",
  "empire_trader": "Imperial Clipper",
  "federation_dropship": "Federal Dropship",
  "orca": "Orca",
  "type9": "Type-9 Heavy",
  "type9_military": "Type-10 Defender",
  "python": "Python",
  "belugaliner": "Beluga Liner",
  "ferdelance": "Fer-de-Lance",
  "anaconda": "Anaconda",
  "federation_corvette": "Federal Corvette",
  "cutter": "Imperial Cutter",
  "diamondback": "Diamondback Scout",
  "empire_courier": "Imperial Courier",
  "diamondbackxl": "Diamondback Explorer",
  "empire_eagle": "Imperial Eagle",
  "federation_dropship_mkii": "Federal Assault Ship",
  "federation_gunship": "Federal Gunship",
  "viper_mkiv": "Viper Mk IV",
  "cobramkiv": "Cobra Mk IV",
  "independant_trader": "Keelback",
  "asp_scout": "Asp Scout",
  "testbuggy": "SRV",
  "typex": "Alliance Chieftain",
  "empire_fighter": "Imperial Fighter",
  "federation_fighter": "F63 Condor",
  "independent_fighter" : "Taipan Fighter",
  "unknown": "Unknown"
}